name,race,email,how,url,passages
Sean Alexander,City of North Vancouver Council,sda.cnv.2026@gmail.com,published,https://northvanvotes.ca/candidates/cnv-council-alexander-sean/,7
Holly Back,City of North Vancouver Council,info@hollyback.ca,published,https://northvanvotes.ca/candidates/cnv-council-back-holly/,17
Don Bell,City of North Vancouver Council,donbellcampaign@gmail.com,published,https://northvanvotes.ca/candidates/cnv-council-bell-don/,14
Tammy Bentz,City of North Vancouver Council,tbentz@shaw.ca,published,https://northvanvotes.ca/candidates/cnv-council-bentz-tammy/,6
Anna Boltenko,City of North Vancouver Council,person@gmail.com,published,https://northvanvotes.ca/candidates/cnv-council-boltenko-anna/,17
David Brun,City of North Vancouver Council,davidbrunforcouncil@outlook.com,published,https://northvanvotes.ca/candidates/cnv-council-brun-david/,4
Jeremy Cato,City of North Vancouver Council,jeremy@jeremy-cato.ca,published,https://northvanvotes.ca/candidates/cnv-council-cato-jeremy/,7
Angela Girard,City of North Vancouver Council,info@angelagirard.ca,published,https://northvanvotes.ca/candidates/cnv-council-girard-angela/,18
Guy Heywood,City of North Vancouver Council,rguy4northvan@gmail.com,published,https://northvanvotes.ca/candidates/cnv-council-heywood-guy/,11
Ken Izatt,City of North Vancouver Council,ken.izatt@gmail.com,published,https://northvanvotes.ca/candidates/cnv-council-izatt-ken/,18
Jullian Kolstee,City of North Vancouver Council,person@gmail.com,published,https://northvanvotes.ca/candidates/cnv-council-kolstee-jullian/,17
Max Lai,City of North Vancouver Council,maxlai@shaw.ca,published,https://northvanvotes.ca/candidates/cnv-council-lai-max/,12
Jessica McIlroy,City of North Vancouver Council,info@jessicamcilroy.com,published,https://northvanvotes.ca/candidates/cnv-council-mcilroy-jessica/,7
Krishna Raisinghani,City of North Vancouver Council,krishna@krishnanorthvan.ca,published,https://northvanvotes.ca/candidates/cnv-council-raisinghani-krishna/,20
Andrew Robertson,City of North Vancouver Council,contact@northvandrew.ca,published,https://northvanvotes.ca/candidates/cnv-council-robertson-andrew/,16
Shervin Shahriari,City of North Vancouver Council,voteshervin@gmail.com,published,https://northvanvotes.ca/candidates/cnv-council-shahriari-shervin/,18
Lailani Tumaneng,City of North Vancouver Council,Lailani4northvan@gmail.com,published,https://northvanvotes.ca/candidates/cnv-council-tumaneng-lailani/,3
Tony Valente,City of North Vancouver Council,tony@tonyvalente.ca,published,https://northvanvotes.ca/candidates/cnv-council-valente-tony/,23
Linda Buchanan,City of North Vancouver Mayor,lindabuchanancnv@gmail.com,published,https://northvanvotes.ca/candidates/cnv-mayor-buchanan-linda/,26
Dave Kurvers,City of North Vancouver Mayor,dave@kurvers.net,published,https://northvanvotes.ca/candidates/cnv-mayor-kurvers-dave/,14
Mike McGraw,City of North Vancouver Mayor,mike@mcgraw4mayor.ca,published,https://northvanvotes.ca/candidates/cnv-mayor-mcgraw-mike/,15
Manoochehr Azizi,City of North Vancouver School Trustee,azizi.school.trustee@gmail.com,published,https://northvanvotes.ca/candidates/cnv-trustee-azizi-manoochehr/,10
Peggy Hung,City of North Vancouver School Trustee,peggyhung2000@gmail.com,published,https://northvanvotes.ca/candidates/cnv-trustee-hung-peggy/,4
Senora Navales,City of North Vancouver School Trustee,senoranavales163@gmail.com,published,https://northvanvotes.ca/candidates/cnv-trustee-navales-senora/,3
Trish Neufeld,City of North Vancouver School Trustee,trishlneufeld@gmail.com,published,https://northvanvotes.ca/candidates/cnv-trustee-neufeld-trish/,4
Ethel Purugganan,City of North Vancouver School Trustee,e_s_purugganan@yahoo.com,published,https://northvanvotes.ca/candidates/cnv-trustee-purugganan-ethel/,3
Antje Wilson,City of North Vancouver School Trustee,antje.wilson03@gmail.com,published,https://northvanvotes.ca/candidates/cnv-trustee-wilson-antje/,11
Graham Alexander,District of North Vancouver Mayor,mayordnvga@gmail.com,from their own text,https://northvanvotes.ca/candidates/dnv-mayor-alexander-graham/,18
Max Zahedi,District of North Vancouver Mayor,max@maxformayor.ca,from their own text,https://northvanvotes.ca/candidates/dnv-mayor-zahedi-max/,26
Raheela Khan,District of North Vancouver School Trustee,raheelakhan.com@gmail.com,from their own text,https://northvanvotes.ca/candidates/dnv-trustee-khan-raheela/,12
